{"test_dates": ["2024", "2025"], "actual_test": [25.2, 24.46666666666667], "pred_test": [25.522222222222226, 25.50555555555556], "future_dates": ["2026", "2027", "2028", "2029", "2030"], "pred_future": [25.488888888888894, 25.47222222222223, 25.455555555555563, 25.438888888888897, 25.42222222222223], "metrics": {"rmse": 0.77, "mae": 0.68}, "historical": {"dates": ["2021", "2022", "2023", "2024", "2025"], "values": [25.0, 26.7, 24.96666666666667, 25.2, 24.46666666666667]}, "indicator": "우울감", "region": "대구광역시"}