{"test_dates": ["2024", "2025"], "actual_test": [26.0, 25.333333333333332], "pred_test": [23.111111111111313, 22.02777777777783], "future_dates": ["2026", "2027", "2028", "2029", "2030"], "pred_future": [20.944444444444798, 19.861111111111313, 18.77777777777783, 17.694444444444798, 16.611111111111313], "metrics": {"rmse": 3.1, "mae": 3.1}, "historical": {"dates": ["2021", "2022", "2023", "2024", "2025"], "values": [25.0, 28.0, 22.833333333333332, 26.0, 25.333333333333332]}, "indicator": "우울감", "region": "경상남도"}