{"test_dates": ["2024", "2025"], "actual_test": [27.8, 25.799999999999997], "pred_test": [26.715873420983552, 26.711104505509137], "future_dates": ["2026", "2027", "2028", "2029", "2030"], "pred_future": [26.44139467999339, 26.705843495950102, 27.10214330330491, 27.358234927803277, 27.363289941847324], "metrics": {"rmse": 1.0, "mae": 1.0}, "historical": {"dates": ["2021", "2022", "2023", "2024", "2025"], "values": [26.9, 28.85, 26.15, 27.8, 25.799999999999997]}, "indicator": "우울감", "region": "전국"}