{"test_dates": ["2024", "2025"], "actual_test": [35.666666666666664, 36.46666666666667], "pred_test": [35.78888888888889, 35.50555555555559], "future_dates": ["2026", "2027", "2028", "2029", "2030"], "pred_future": [35.222222222222285, 34.93888888888887, 34.655555555555566, 34.37222222222226, 34.08888888888896], "metrics": {"rmse": 0.69, "mae": 0.54}, "historical": {"dates": ["2021", "2022", "2023", "2024", "2025"], "values": [35.666666666666664, 38.300000000000004, 35.1, 35.666666666666664, 36.46666666666667]}, "indicator": "스트레스", "region": "경상북도"}