{"test_dates": ["2024", "2025"], "actual_test": [29.099999999999998, 27.366666666666664], "pred_test": [24.67777777777792, 23.094444444444434], "future_dates": ["2026", "2027", "2028", "2029", "2030"], "pred_future": [21.511111111111404, 19.92777777777792, 18.344444444444434, 16.761111111111404, 15.17777777777792], "metrics": {"rmse": 4.35, "mae": 4.35}, "historical": {"dates": ["2021", "2022", "2023", "2024", "2025"], "values": [28.8, 29.099999999999998, 25.633333333333336, 29.099999999999998, 27.366666666666664]}, "indicator": "우울감", "region": "충청북도"}