{"test_dates": ["2024", "2025"], "actual_test": [28.233333333333334, 26.866666666666664], "pred_test": [26.988680880765116, 26.991549410174287], "future_dates": ["2026", "2027", "2028", "2029", "2030"], "pred_future": [26.997837122778094, 26.988562137136853, 26.989714741955197, 27.004912976423896, 27.035519890735543], "metrics": {"rmse": 0.88, "mae": 0.68}, "historical": {"dates": ["2021", "2022", "2023", "2024", "2025"], "values": [26.900000000000002, 30.266666666666666, 27.599999999999998, 28.233333333333334, 26.866666666666664]}, "indicator": "우울감", "region": "서울특별시"}