{"test_dates": ["2024", "2025"], "actual_test": [39.43333333333333, 39.0], "pred_test": [34.969142883270976, 35.702220343550046], "future_dates": ["2026", "2027", "2028", "2029", "2030"], "pred_future": [36.10827861651778, 35.025905682891604, 34.17856749196847, 34.474199232210715, 35.516329199572404], "metrics": {"rmse": 3.92, "mae": 3.88}, "historical": {"dates": ["2021", "2022", "2023", "2024", "2025"], "values": [35.36666666666667, 38.96666666666667, 33.666666666666664, 39.43333333333333, 39.0]}, "indicator": "스트레스", "region": "경상남도"}