{"test_dates": ["2024", "2025"], "actual_test": [44.43333333333334, 43.73333333333333], "pred_test": [39.48888888888882, 38.88888888888869], "future_dates": ["2026", "2027", "2028", "2029", "2030"], "pred_future": [38.28888888888878, 37.68888888888887, 37.08888888888873, 36.48888888888882, 35.88888888888869], "metrics": {"rmse": 4.89, "mae": 4.89}, "historical": {"dates": ["2021", "2022", "2023", "2024", "2025"], "values": [40.300000000000004, 42.666666666666664, 39.1, 44.43333333333334, 43.73333333333333]}, "indicator": "스트레스", "region": "경기도"}