{"test_dates": ["2024", "2025"], "actual_test": [44.43333333333334, 43.73333333333333], "pred_test": [40.177617168426515, 40.70677866141001], "future_dates": ["2026", "2027", "2028", "2029", "2030"], "pred_future": [40.943499898910524, 40.35206983089447, 39.80857640107473, 39.744704163074495, 40.18342683315277], "metrics": {"rmse": 3.69, "mae": 3.64}, "historical": {"dates": ["2021", "2022", "2023", "2024", "2025"], "values": [40.300000000000004, 42.666666666666664, 39.1, 44.43333333333334, 43.73333333333333]}, "indicator": "스트레스", "region": "경기도"}