{"test_dates": ["2024", "2025"], "actual_test": [37.0, 39.233333333333334], "pred_test": [36.92222222222222, 36.138888888888914], "future_dates": ["2026", "2027", "2028", "2029", "2030"], "pred_future": [35.35555555555561, 34.57222222222231, 33.788888888889005, 33.005555555555475, 32.22222222222217], "metrics": {"rmse": 2.19, "mae": 1.59}, "historical": {"dates": ["2021", "2022", "2023", "2024", "2025"], "values": [37.699999999999996, 41.63333333333333, 36.13333333333333, 37.0, 39.233333333333334]}, "indicator": "스트레스", "region": "세종특별자치시"}