{"test_dates": ["2024", "2025"], "actual_test": [27.8, 25.799999999999997], "pred_test": [26.549999999999955, 26.174999999999955], "future_dates": ["2026", "2027", "2028", "2029", "2030"], "pred_future": [25.799999999999955, 25.424999999999955, 25.049999999999955, 24.674999999999955, 24.299999999999955], "metrics": {"rmse": 0.92, "mae": 0.81}, "historical": {"dates": ["2021", "2022", "2023", "2024", "2025"], "values": [26.9, 28.85, 26.15, 27.8, 25.799999999999997]}, "indicator": "우울감", "region": "전국"}