{"test_dates": ["2024", "2025"], "actual_test": [39.233333333333334, 39.300000000000004], "pred_test": [36.68730093240738, 37.60596400201321], "future_dates": ["2026", "2027", "2028", "2029", "2030"], "pred_future": [38.423065584898, 38.046556529402736, 37.22461306750775, 36.69596127122641, 36.93206209391356], "metrics": {"rmse": 2.16, "mae": 2.12}, "historical": {"dates": ["2021", "2022", "2023", "2024", "2025"], "values": [38.333333333333336, 39.166666666666664, 35.1, 39.233333333333334, 39.300000000000004]}, "indicator": "스트레스", "region": "대구광역시"}