{"test_dates": ["2024", "2025"], "actual_test": [27.96666666666667, 27.333333333333332], "pred_test": [25.199999999999818, 24.36666666666656], "future_dates": ["2026", "2027", "2028", "2029", "2030"], "pred_future": [23.533333333333076, 22.699999999999818, 21.86666666666656, 21.033333333333076, 20.199999999999818], "metrics": {"rmse": 2.87, "mae": 2.87}, "historical": {"dates": ["2021", "2022", "2023", "2024", "2025"], "values": [28.166666666666668, 25.933333333333334, 26.5, 27.96666666666667, 27.333333333333332]}, "indicator": "우울감", "region": "제주특별자치도"}