{"test_dates": ["2024", "2025"], "actual_test": [30.5, 26.5], "pred_test": [28.074506580829624, 28.21553042531014], "future_dates": ["2026", "2027", "2028", "2029", "2030"], "pred_future": [26.990458056330684, 26.87049819529057, 27.57830893993378, 28.32269257307053, 28.767529487609867], "metrics": {"rmse": 2.1, "mae": 2.07}, "historical": {"dates": ["2021", "2022", "2023", "2024", "2025"], "values": [27.833333333333332, 29.666666666666668, 28.733333333333334, 30.5, 26.5]}, "indicator": "우울감", "region": "전라북도"}