{"test_dates": ["2024", "2025"], "actual_test": [24.433333333333334, 21.633333333333336], "pred_test": [27.344444444444434, 28.194444444444343], "future_dates": ["2026", "2027", "2028", "2029", "2030"], "pred_future": [29.044444444444252, 29.89444444444439, 30.744444444444298, 31.594444444444434, 32.44444444444434], "metrics": {"rmse": 5.08, "mae": 4.74}, "historical": {"dates": ["2021", "2022", "2023", "2024", "2025"], "values": [24.166666666666668, 26.900000000000002, 25.866666666666664, 24.433333333333334, 21.633333333333336]}, "indicator": "우울감", "region": "경상북도"}