{"test_dates": ["2024", "2025"], "actual_test": [2.75, 2.7], "pred_test": [3.7000000000000455, 4.2000000000000455], "future_dates": ["2026", "2027", "2028", "2029", "2030"], "pred_future": [4.7000000000000455, 5.2000000000000455, 5.7000000000000455, 6.2000000000000455, 6.7000000000000455], "metrics": {"rmse": 1.26, "mae": 1.23}, "historical": {"dates": ["2021", "2022", "2023", "2024", "2025"], "values": [2.2, 2.7, 3.2, 2.75, 2.7]}, "indicator": "자살시도", "region": "전국"}