{"test_dates": ["2024", "2025"], "actual_test": [2.75, 2.7], "pred_test": [2.226596125215292, 2.2381401106715204], "future_dates": ["2026", "2027", "2028", "2029", "2030"], "pred_future": [2.2422873087227346, 2.2435959659516813, 2.2401662401854994, 2.241746024042368, 2.252317410707474], "metrics": {"rmse": 0.49, "mae": 0.49}, "historical": {"dates": ["2021", "2022", "2023", "2024", "2025"], "values": [2.2, 2.7, 3.2, 2.75, 2.7]}, "indicator": "자살시도", "region": "전국"}