{"test_dates": ["2024", "2025"], "actual_test": [45.4, 42.800000000000004], "pred_test": [41.07777777777779, 41.11111111111112], "future_dates": ["2026", "2027", "2028", "2029", "2030"], "pred_future": [41.14444444444445, 41.177777777777784, 41.21111111111113, 41.24444444444446, 41.27777777777779], "metrics": {"rmse": 3.28, "mae": 3.01}, "historical": {"dates": ["2021", "2022", "2023", "2024", "2025"], "values": [39.666666666666664, 43.63333333333333, 39.733333333333334, 45.4, 42.800000000000004]}, "indicator": "스트레스", "region": "서울특별시"}