{"test_dates": ["2024", "2025"], "actual_test": [26.333333333333332, 24.866666666666664], "pred_test": [26.920061739285785, 27.40193032423655], "future_dates": ["2026", "2027", "2028", "2029", "2030"], "pred_future": [27.839272054036456, 28.82434450785319, 29.300308656692504, 28.86570496559143, 27.685376437505084], "metrics": {"rmse": 1.84, "mae": 1.56}, "historical": {"dates": ["2021", "2022", "2023", "2024", "2025"], "values": [30.2, 28.933333333333334, 25.866666666666664, 26.333333333333332, 24.866666666666664]}, "indicator": "우울감", "region": "충청남도"}