{"test_dates": ["2024", "2025"], "actual_test": [27.166666666666668, 26.100000000000005], "pred_test": [28.322222222222535, 29.38888888888914], "future_dates": ["2026", "2027", "2028", "2029", "2030"], "pred_future": [30.455555555555748, 31.522222222222354, 32.58888888888896, 33.655555555555566, 34.722222222222626], "metrics": {"rmse": 2.46, "mae": 2.22}, "historical": {"dates": ["2021", "2022", "2023", "2024", "2025"], "values": [24.233333333333334, 27.96666666666667, 26.36666666666667, 27.166666666666668, 26.100000000000005]}, "indicator": "우울감", "region": "인천광역시"}