{"test_dates": ["2024", "2025"], "actual_test": [42.800000000000004, 39.1], "pred_test": [36.06666666666706, 34.71666666666715], "future_dates": ["2026", "2027", "2028", "2029", "2030"], "pred_future": [33.36666666666679, 32.01666666666688, 30.66666666666697, 29.31666666666706, 27.96666666666715], "metrics": {"rmse": 5.68, "mae": 5.56}, "historical": {"dates": ["2021", "2022", "2023", "2024", "2025"], "values": [39.733333333333334, 39.53333333333333, 37.03333333333333, 42.800000000000004, 39.1]}, "indicator": "스트레스", "region": "강원도"}