{"test_dates": ["2024", "2025"], "actual_test": [28.233333333333334, 26.866666666666664], "pred_test": [28.95555555555552, 29.305555555555543], "future_dates": ["2026", "2027", "2028", "2029", "2030"], "pred_future": [29.655555555555566, 30.00555555555559, 30.355555555555497, 30.70555555555552, 31.055555555555543], "metrics": {"rmse": 1.8, "mae": 1.58}, "historical": {"dates": ["2021", "2022", "2023", "2024", "2025"], "values": [26.900000000000002, 30.266666666666666, 27.599999999999998, 28.233333333333334, 26.866666666666664]}, "indicator": "우울감", "region": "서울특별시"}