{"test_dates": ["2024", "2025"], "actual_test": [25.099999999999998, 22.400000000000002], "pred_test": [24.271160965164505, 24.399484644333523], "future_dates": ["2026", "2027", "2028", "2029", "2030"], "pred_future": [24.09374718864759, 24.677626619736355, 25.24106295903524, 25.384853998819988, 25.00068428119024], "metrics": {"rmse": 1.53, "mae": 1.41}, "historical": {"dates": ["2021", "2022", "2023", "2024", "2025"], "values": [25.8, 26.266666666666666, 24.233333333333334, 25.099999999999998, 22.400000000000002]}, "indicator": "우울감", "region": "전라남도"}