{"test_dates": ["2024", "2025"], "actual_test": [38.63333333333333, 39.266666666666666], "pred_test": [34.83469230222205, 34.86958853689333], "future_dates": ["2026", "2027", "2028", "2029", "2030"], "pred_future": [34.98662627091011, 34.94962230424086, 34.88183088389536, 34.91657515155772, 35.11272683839003], "metrics": {"rmse": 4.11, "mae": 4.1}, "historical": {"dates": ["2021", "2022", "2023", "2024", "2025"], "values": [34.96666666666667, 39.1, 34.43333333333333, 38.63333333333333, 39.266666666666666]}, "indicator": "스트레스", "region": "울산광역시"}