{"test_dates": ["2024", "2025"], "actual_test": [46.333333333333336, 42.76666666666667], "pred_test": [40.611111111111086, 40.111111111111086], "future_dates": ["2026", "2027", "2028", "2029", "2030"], "pred_future": [39.611111111111086, 39.111111111111086, 38.611111111111086, 38.111111111111086, 37.611111111111086], "metrics": {"rmse": 4.46, "mae": 4.19}, "historical": {"dates": ["2021", "2022", "2023", "2024", "2025"], "values": [41.199999999999996, 43.43333333333334, 40.199999999999996, 46.333333333333336, 42.76666666666667]}, "indicator": "스트레스", "region": "전라북도"}