{"test_dates": ["2024", "2025"], "actual_test": [26.333333333333332, 24.866666666666664], "pred_test": [24.0, 21.83333333333303], "future_dates": ["2026", "2027", "2028", "2029", "2030"], "pred_future": [19.66666666666697, 17.5, 15.33333333333303, 13.16666666666697, 11.0], "metrics": {"rmse": 2.71, "mae": 2.68}, "historical": {"dates": ["2021", "2022", "2023", "2024", "2025"], "values": [30.2, 28.933333333333334, 25.866666666666664, 26.333333333333332, 24.866666666666664]}, "indicator": "우울감", "region": "충청남도"}