{"test_dates": ["2024", "2025"], "actual_test": [39.43333333333333, 39.0], "pred_test": [34.299999999999955, 33.44999999999982], "future_dates": ["2026", "2027", "2028", "2029", "2030"], "pred_future": [32.59999999999991, 31.75, 30.899999999999864, 30.049999999999955, 29.199999999999818], "metrics": {"rmse": 5.35, "mae": 5.34}, "historical": {"dates": ["2021", "2022", "2023", "2024", "2025"], "values": [35.36666666666667, 38.96666666666667, 33.666666666666664, 39.43333333333333, 39.0]}, "indicator": "스트레스", "region": "경상남도"}