{"test_dates": ["2024", "2025"], "actual_test": [45.1, 45.03333333333333], "pred_test": [38.24444444444445, 38.22777777777778], "future_dates": ["2026", "2027", "2028", "2029", "2030"], "pred_future": [38.211111111111116, 38.19444444444445, 38.177777777777784, 38.16111111111111, 38.144444444444446], "metrics": {"rmse": 6.83, "mae": 6.83}, "historical": {"dates": ["2021", "2022", "2023", "2024", "2025"], "values": [37.53333333333333, 39.800000000000004, 37.5, 45.1, 45.03333333333333]}, "indicator": "스트레스", "region": "제주특별자치도"}