{"test_dates": ["2024", "2025"], "actual_test": [46.333333333333336, 42.76666666666667], "pred_test": [40.9309311469396, 41.15645685891311], "future_dates": ["2026", "2027", "2028", "2029", "2030"], "pred_future": [41.18157061537107, 41.03788381417593, 40.96291600267093, 41.03424771229427, 41.23104652861755], "metrics": {"rmse": 3.99, "mae": 3.51}, "historical": {"dates": ["2021", "2022", "2023", "2024", "2025"], "values": [41.199999999999996, 43.43333333333334, 40.199999999999996, 46.333333333333336, 42.76666666666667]}, "indicator": "스트레스", "region": "전라북도"}