{"test_dates": ["2024", "2025"], "actual_test": [38.63333333333333, 39.266666666666666], "pred_test": [35.633333333333326, 35.366666666666674], "future_dates": ["2026", "2027", "2028", "2029", "2030"], "pred_future": [35.09999999999991, 34.83333333333326, 34.566666666666606, 34.299999999999955, 34.0333333333333], "metrics": {"rmse": 3.48, "mae": 3.45}, "historical": {"dates": ["2021", "2022", "2023", "2024", "2025"], "values": [34.96666666666667, 39.1, 34.43333333333333, 38.63333333333333, 39.266666666666666]}, "indicator": "스트레스", "region": "울산광역시"}