{"test_dates": ["2024", "2025"], "actual_test": [26.0, 25.333333333333332], "pred_test": [24.500935717175402, 24.641074972848095], "future_dates": ["2026", "2027", "2028", "2029", "2030"], "pred_future": [25.09924176459511, 25.272096097469326, 25.28703356782595, 25.24195939302444, 25.202187858521935], "metrics": {"rmse": 1.17, "mae": 1.1}, "historical": {"dates": ["2021", "2022", "2023", "2024", "2025"], "values": [25.0, 28.0, 22.833333333333332, 26.0, 25.333333333333332]}, "indicator": "우울감", "region": "경상남도"}