{"test_dates": ["2024", "2025"], "actual_test": [42.5, 41.93333333333333], "pred_test": [37.562016289681196, 37.659017922356725], "future_dates": ["2026", "2027", "2028", "2029", "2030"], "pred_future": [37.81030469946563, 37.70521345920861, 37.60165664739907, 37.66960689239204, 37.963046099990606], "metrics": {"rmse": 4.62, "mae": 4.61}, "historical": {"dates": ["2021", "2022", "2023", "2024", "2025"], "values": [37.733333333333334, 42.43333333333333, 37.0, 42.5, 41.93333333333333]}, "indicator": "스트레스", "region": "인천광역시"}