{"test_dates": ["2024", "2025"], "actual_test": [44.56666666666666, 44.800000000000004], "pred_test": [40.09028010219336, 42.06519571840764], "future_dates": ["2026", "2027", "2028", "2029", "2030"], "pred_future": [43.311344975233084, 42.18023052215577, 40.189434820413595, 39.19667071998119, 40.10332652330399], "metrics": {"rmse": 3.71, "mae": 3.61}, "historical": {"dates": ["2021", "2022", "2023", "2024", "2025"], "values": [41.699999999999996, 41.76666666666667, 37.0, 44.56666666666666, 44.800000000000004]}, "indicator": "스트레스", "region": "충청북도"}