{"test_dates": ["2024", "2025"], "actual_test": [28.3, 23.733333333333334], "pred_test": [28.144444444444616, 29.111111111111313], "future_dates": ["2026", "2027", "2028", "2029", "2030"], "pred_future": [30.07777777777801, 31.044444444444707, 32.011111111111404, 32.9777777777781, 33.94444444444457], "metrics": {"rmse": 3.8, "mae": 2.77}, "historical": {"dates": ["2021", "2022", "2023", "2024", "2025"], "values": [24.066666666666666, 28.566666666666666, 26.0, 28.3, 23.733333333333334]}, "indicator": "우울감", "region": "울산광역시"}