{"test_dates": ["2024", "2025"], "actual_test": [37.199999999999996, 36.93333333333333], "pred_test": [35.203509046634046, 35.93826270500819], "future_dates": ["2026", "2027", "2028", "2029", "2030"], "pred_future": [36.90860817233722, 37.09209079941114, 36.7029051621755, 36.05958139300347, 35.66744959751765], "metrics": {"rmse": 1.58, "mae": 1.5}, "historical": {"dates": ["2021", "2022", "2023", "2024", "2025"], "values": [37.06666666666666, 39.03333333333333, 32.76666666666667, 37.199999999999996, 36.93333333333333]}, "indicator": "스트레스", "region": "부산광역시"}