{"test_dates": ["2024", "2025"], "actual_test": [39.96666666666667, 38.4], "pred_test": [36.02134824420015, 36.262172962228455], "future_dates": ["2026", "2027", "2028", "2029", "2030"], "pred_future": [36.356050262848534, 36.164923487852015, 36.02290096754829, 36.05261134604613, 36.244631523887314], "metrics": {"rmse": 3.17, "mae": 3.04}, "historical": {"dates": ["2021", "2022", "2023", "2024", "2025"], "values": [36.199999999999996, 37.9, 35.36666666666667, 39.96666666666667, 38.4]}, "indicator": "스트레스", "region": "전라남도"}