{"test_dates": ["2024", "2025"], "actual_test": [42.13333333333333, 39.43333333333333], "pred_test": [38.44444444444457, 37.56111111111136], "future_dates": ["2026", "2027", "2028", "2029", "2030"], "pred_future": [36.67777777777792, 35.79444444444448, 34.91111111111127, 34.02777777777783, 33.144444444444616], "metrics": {"rmse": 2.93, "mae": 2.78}, "historical": {"dates": ["2021", "2022", "2023", "2024", "2025"], "values": [39.300000000000004, 43.800000000000004, 37.53333333333333, 42.13333333333333, 39.43333333333333]}, "indicator": "스트레스", "region": "광주광역시"}