{"test_dates": ["2024", "2025"], "actual_test": [25.2, 24.46666666666667], "pred_test": [25.056638126571976, 24.918420041600868], "future_dates": ["2026", "2027", "2028", "2029", "2030"], "pred_future": [24.774788960193597, 24.866965521747872, 25.02460450927417, 25.14412381003301, 25.18795226265987], "metrics": {"rmse": 0.34, "mae": 0.3}, "historical": {"dates": ["2021", "2022", "2023", "2024", "2025"], "values": [25.0, 26.7, 24.96666666666667, 25.2, 24.46666666666667]}, "indicator": "우울감", "region": "대구광역시"}