{"test_dates": ["2024", "2025"], "actual_test": [26.900000000000002, 26.5], "pred_test": [25.444444444444343, 24.41111111111104], "future_dates": ["2026", "2027", "2028", "2029", "2030"], "pred_future": [23.377777777777283, 22.34444444444398, 21.311111111110677, 20.277777777777374, 19.24444444444407], "metrics": {"rmse": 1.8, "mae": 1.77}, "historical": {"dates": ["2021", "2022", "2023", "2024", "2025"], "values": [27.333333333333332, 29.933333333333337, 25.266666666666666, 26.900000000000002, 26.5]}, "indicator": "우울감", "region": "광주광역시"}