{"test_dates": ["2024", "2025"], "actual_test": [45.1, 45.03333333333333], "pred_test": [37.70456540137529, 37.691871269792316], "future_dates": ["2026", "2027", "2028", "2029", "2030"], "pred_future": [37.78787576705217, 37.85972988158464, 37.82340744435787, 37.79781986325979, 37.81949356496334], "metrics": {"rmse": 7.37, "mae": 7.37}, "historical": {"dates": ["2021", "2022", "2023", "2024", "2025"], "values": [37.53333333333333, 39.800000000000004, 37.5, 45.1, 45.03333333333333]}, "indicator": "스트레스", "region": "제주특별자치도"}