{"test_dates": ["2024", "2025"], "actual_test": [30.5, 26.5], "pred_test": [29.64444444444439, 30.094444444444434], "future_dates": ["2026", "2027", "2028", "2029", "2030"], "pred_future": [30.54444444444448, 30.99444444444441, 31.444444444444457, 31.89444444444439, 32.344444444444434], "metrics": {"rmse": 2.61, "mae": 2.23}, "historical": {"dates": ["2021", "2022", "2023", "2024", "2025"], "values": [27.833333333333332, 29.666666666666668, 28.733333333333334, 30.5, 26.5]}, "indicator": "우울감", "region": "전라북도"}