{"test_dates": ["2024", "2025"], "actual_test": [24.166666666666668, 21.666666666666668], "pred_test": [22.67365318487088, 23.288144468764465], "future_dates": ["2026", "2027", "2028", "2029", "2030"], "pred_future": [23.240125528971355, 23.60505889306466, 23.852933749059837, 23.76368378798167, 23.358014367024104], "metrics": {"rmse": 1.56, "mae": 1.56}, "historical": {"dates": ["2021", "2022", "2023", "2024", "2025"], "values": [24.3, 24.666666666666668, 21.566666666666666, 24.166666666666668, 21.666666666666668]}, "indicator": "우울감", "region": "부산광역시"}