{"test_dates": ["2024", "2025"], "actual_test": [29.03333333333333, 24.633333333333336], "pred_test": [26.336890061696373, 27.619015117486317], "future_dates": ["2026", "2027", "2028", "2029", "2030"], "pred_future": [27.131877829631172, 27.366181631882988, 27.603813846906025, 27.536250640948612, 27.16479446490606], "metrics": {"rmse": 2.84, "mae": 2.84}, "historical": {"dates": ["2021", "2022", "2023", "2024", "2025"], "values": [28.599999999999998, 27.46666666666667, 25.099999999999998, 29.03333333333333, 24.633333333333336]}, "indicator": "우울감", "region": "강원도"}