{"test_dates": ["2024", "2025"], "actual_test": [42.5, 41.93333333333333], "pred_test": [38.32222222222231, 37.955555555555634], "future_dates": ["2026", "2027", "2028", "2029", "2030"], "pred_future": [37.58888888888896, 37.222222222222285, 36.85555555555561, 36.48888888888894, 36.12222222222226], "metrics": {"rmse": 4.08, "mae": 4.08}, "historical": {"dates": ["2021", "2022", "2023", "2024", "2025"], "values": [37.733333333333334, 42.43333333333333, 37.0, 42.5, 41.93333333333333]}, "indicator": "스트레스", "region": "인천광역시"}