{"test_dates": ["2024", "2025"], "actual_test": [29.099999999999998, 27.366666666666664], "pred_test": [26.84967039227486, 27.709043117364246], "future_dates": ["2026", "2027", "2028", "2029", "2030"], "pred_future": [27.944324048360187, 27.977250965436298, 27.819096795717876, 27.567661317189536, 27.392745367685954], "metrics": {"rmse": 1.61, "mae": 1.3}, "historical": {"dates": ["2021", "2022", "2023", "2024", "2025"], "values": [28.8, 29.099999999999998, 25.633333333333336, 29.099999999999998, 27.366666666666664]}, "indicator": "우울감", "region": "충청북도"}