{"test_dates": ["2024", "2025"], "actual_test": [42.13333333333333, 39.43333333333333], "pred_test": [38.961120714743934, 39.22809961438179], "future_dates": ["2026", "2027", "2028", "2029", "2030"], "pred_future": [38.97549339135488, 38.785344322522484, 38.94682531058788, 39.34726891418298, 39.744368324677154], "metrics": {"rmse": 2.25, "mae": 1.69}, "historical": {"dates": ["2021", "2022", "2023", "2024", "2025"], "values": [39.300000000000004, 43.800000000000004, 37.53333333333333, 42.13333333333333, 39.43333333333333]}, "indicator": "스트레스", "region": "광주광역시"}