{"test_dates": ["2024", "2025"], "actual_test": [29.900000000000002, 26.833333333333332], "pred_test": [26.770570129901174, 26.766790436084072], "future_dates": ["2026", "2027", "2028", "2029", "2030"], "pred_future": [26.798320667321484, 26.79041046599547, 26.78478227009376, 26.793047982702653, 26.821178061390917], "metrics": {"rmse": 2.21, "mae": 1.6}, "historical": {"dates": ["2021", "2022", "2023", "2024", "2025"], "values": [26.666666666666668, 29.600000000000005, 26.733333333333334, 29.900000000000002, 26.833333333333332]}, "indicator": "우울감", "region": "대전광역시"}