{"test_dates": ["2024", "2025"], "actual_test": [26.900000000000002, 26.5], "pred_test": [26.856872733434045, 26.689915230870252], "future_dates": ["2026", "2027", "2028", "2029", "2030"], "pred_future": [27.17580335438252, 27.77022460699082, 28.06681851148606, 27.9260553876559, 27.444101245204614], "metrics": {"rmse": 0.14, "mae": 0.12}, "historical": {"dates": ["2021", "2022", "2023", "2024", "2025"], "values": [27.333333333333332, 29.933333333333337, 25.266666666666666, 26.900000000000002, 26.5]}, "indicator": "우울감", "region": "광주광역시"}