{"test_dates": ["2024", "2025"], "actual_test": [24.166666666666668, 21.666666666666668], "pred_test": [20.77777777777783, 19.41111111111104], "future_dates": ["2026", "2027", "2028", "2029", "2030"], "pred_future": [18.044444444444252, 16.677777777777465, 15.311111111111131, 13.944444444444343, 12.577777777777555], "metrics": {"rmse": 2.88, "mae": 2.82}, "historical": {"dates": ["2021", "2022", "2023", "2024", "2025"], "values": [24.3, 24.666666666666668, 21.566666666666666, 24.166666666666668, 21.666666666666668]}, "indicator": "우울감", "region": "부산광역시"}