{"test_dates": ["2024", "2025"], "actual_test": [29.466666666666665, 27.266666666666666], "pred_test": [27.266666666666424, 26.61666666666656], "future_dates": ["2026", "2027", "2028", "2029", "2030"], "pred_future": [25.96666666666647, 25.316666666666606, 24.666666666666515, 24.016666666666424, 23.36666666666656], "metrics": {"rmse": 1.62, "mae": 1.43}, "historical": {"dates": ["2021", "2022", "2023", "2024", "2025"], "values": [28.46666666666667, 30.066666666666663, 27.166666666666668, 29.466666666666665, 27.266666666666666]}, "indicator": "우울감", "region": "경기도"}