{"test_dates": ["2024", "2025"], "actual_test": [25.099999999999998, 22.400000000000002], "pred_test": [23.866666666666788, 23.083333333333485], "future_dates": ["2026", "2027", "2028", "2029", "2030"], "pred_future": [22.300000000000182, 21.51666666666688, 20.733333333333576, 19.950000000000273, 19.166666666666742], "metrics": {"rmse": 1.0, "mae": 0.96}, "historical": {"dates": ["2021", "2022", "2023", "2024", "2025"], "values": [25.8, 26.266666666666666, 24.233333333333334, 25.099999999999998, 22.400000000000002]}, "indicator": "우울감", "region": "전라남도"}