{"test_dates": ["2024", "2025"], "actual_test": [35.666666666666664, 36.46666666666667], "pred_test": [35.59207768440247, 35.52757341861725], "future_dates": ["2026", "2027", "2028", "2029", "2030"], "pred_future": [35.58703060150147, 35.6000478386879, 35.62531114816666, 35.67624182701111, 35.748341631889346], "metrics": {"rmse": 0.67, "mae": 0.51}, "historical": {"dates": ["2021", "2022", "2023", "2024", "2025"], "values": [35.666666666666664, 38.300000000000004, 35.1, 35.666666666666664, 36.46666666666667]}, "indicator": "스트레스", "region": "경상북도"}