{"test_dates": ["2024", "2025"], "actual_test": [42.800000000000004, 39.1], "pred_test": [39.10772308707237, 40.65547673404217], "future_dates": ["2026", "2027", "2028", "2029", "2030"], "pred_future": [40.2713230997324, 39.76923694461584, 39.37263956790169, 39.33651565760374, 39.60285879174868], "metrics": {"rmse": 2.83, "mae": 2.62}, "historical": {"dates": ["2021", "2022", "2023", "2024", "2025"], "values": [39.733333333333334, 39.53333333333333, 37.03333333333333, 42.800000000000004, 39.1]}, "indicator": "스트레스", "region": "강원도"}