{"test_dates": ["2024", "2025"], "actual_test": [43.699999999999996, 42.666666666666664], "pred_test": [38.90000000000009, 38.40000000000009], "future_dates": ["2026", "2027", "2028", "2029", "2030"], "pred_future": [37.90000000000009, 37.40000000000009, 36.90000000000009, 36.40000000000009, 35.90000000000009], "metrics": {"rmse": 4.54, "mae": 4.53}, "historical": {"dates": ["2021", "2022", "2023", "2024", "2025"], "values": [39.699999999999996, 41.300000000000004, 38.699999999999996, 43.699999999999996, 42.666666666666664]}, "indicator": "스트레스", "region": "대전광역시"}