{"test_dates": ["2024", "2025"], "actual_test": [44.56666666666666, 44.800000000000004], "pred_test": [35.45555555555438, 33.10555555555493], "future_dates": ["2026", "2027", "2028", "2029", "2030"], "pred_future": [30.755555555554565, 28.40555555555511, 26.055555555554747, 23.705555555554383, 21.35555555555493], "metrics": {"rmse": 10.48, "mae": 10.4}, "historical": {"dates": ["2021", "2022", "2023", "2024", "2025"], "values": [41.699999999999996, 41.76666666666667, 37.0, 44.56666666666666, 44.800000000000004]}, "indicator": "스트레스", "region": "충청북도"}