{"test_dates": ["2024", "2025"], "actual_test": [28.3, 23.733333333333334], "pred_test": [24.0356544662267, 24.07876376149555], "future_dates": ["2026", "2027", "2028", "2029", "2030"], "pred_future": [24.07760933438937, 24.031374902402362, 24.032510153576734, 24.1037595435977, 24.255817570661506], "metrics": {"rmse": 3.03, "mae": 2.3}, "historical": {"dates": ["2021", "2022", "2023", "2024", "2025"], "values": [24.066666666666666, 28.566666666666666, 26.0, 28.3, 23.733333333333334]}, "indicator": "우울감", "region": "울산광역시"}