{"test_dates": ["2024", "2025"], "actual_test": [37.0, 39.233333333333334], "pred_test": [37.38650975426039, 36.87975374658903], "future_dates": ["2026", "2027", "2028", "2029", "2030"], "pred_future": [37.64989073996743, 37.80697449718913, 37.75305313666662, 37.696358372022715, 37.70988978122672], "metrics": {"rmse": 1.69, "mae": 1.37}, "historical": {"dates": ["2021", "2022", "2023", "2024", "2025"], "values": [37.699999999999996, 41.63333333333333, 36.13333333333333, 37.0, 39.233333333333334]}, "indicator": "스트레스", "region": "세종특별자치시"}