{"test_dates": ["2024", "2025"], "actual_test": [29.7, 24.2], "pred_test": [27.18614936619997, 27.066346276551485], "future_dates": ["2026", "2027", "2028", "2029", "2030"], "pred_future": [25.719453473885853, 26.281231696406998, 27.481754581133522, 28.35766903559367, 28.542005226016045], "metrics": {"rmse": 2.7, "mae": 2.69}, "historical": {"dates": ["2021", "2022", "2023", "2024", "2025"], "values": [27.03333333333333, 30.633333333333336, 27.0, 29.7, 24.2]}, "indicator": "우울감", "region": "세종특별자치시"}