{"test_dates": ["2024", "2025"], "actual_test": [41.53333333333333, 41.666666666666664], "pred_test": [38.71979561895132, 40.10982773154974], "future_dates": ["2026", "2027", "2028", "2029", "2030"], "pred_future": [40.976295756300296, 40.39020175933838, 39.17034185255567, 38.356979271521176, 38.72034165337682], "metrics": {"rmse": 2.27, "mae": 2.19}, "historical": {"dates": ["2021", "2022", "2023", "2024", "2025"], "values": [40.666666666666664, 39.800000000000004, 36.9, 41.53333333333333, 41.666666666666664]}, "indicator": "스트레스", "region": "충청남도"}