{"test_dates": ["2024", "2025"], "actual_test": [24.433333333333334, 21.633333333333336], "pred_test": [24.806155588229498, 23.6707525908947], "future_dates": ["2026", "2027", "2028", "2029", "2030"], "pred_future": [22.6458415945371, 23.563849651316804, 24.7687970161438, 25.50812522172928, 25.500161519646646], "metrics": {"rmse": 1.46, "mae": 1.21}, "historical": {"dates": ["2021", "2022", "2023", "2024", "2025"], "values": [24.166666666666668, 26.900000000000002, 25.866666666666664, 24.433333333333334, 21.633333333333336]}, "indicator": "우울감", "region": "경상북도"}