{"test_dates": ["2024", "2025"], "actual_test": [27.96666666666667, 27.333333333333332], "pred_test": [26.873325566947464, 27.657667806247876], "future_dates": ["2026", "2027", "2028", "2029", "2030"], "pred_future": [27.75199969907602, 27.550544863442582, 27.135920393466954, 26.79763837953409, 26.823337289690976], "metrics": {"rmse": 0.81, "mae": 0.71}, "historical": {"dates": ["2021", "2022", "2023", "2024", "2025"], "values": [28.166666666666668, 25.933333333333334, 26.5, 27.96666666666667, 27.333333333333332]}, "indicator": "우울감", "region": "제주특별자치도"}