{"test_dates": ["2024", "2025"], "actual_test": [39.233333333333334, 39.300000000000004], "pred_test": [34.30000000000018, 32.683333333333394], "future_dates": ["2026", "2027", "2028", "2029", "2030"], "pred_future": [31.066666666666606, 29.449999999999818, 27.833333333333485, 26.216666666666697, 24.59999999999991], "metrics": {"rmse": 5.84, "mae": 5.77}, "historical": {"dates": ["2021", "2022", "2023", "2024", "2025"], "values": [38.333333333333336, 39.166666666666664, 35.1, 39.233333333333334, 39.300000000000004]}, "indicator": "스트레스", "region": "대구광역시"}