{"test_dates": ["2024", "2025"], "actual_test": [39.96666666666667, 38.4], "pred_test": [35.65555555555568, 35.23888888888894], "future_dates": ["2026", "2027", "2028", "2029", "2030"], "pred_future": [34.82222222222231, 34.40555555555568, 33.98888888888894, 33.57222222222231, 33.15555555555568], "metrics": {"rmse": 3.78, "mae": 3.74}, "historical": {"dates": ["2021", "2022", "2023", "2024", "2025"], "values": [36.199999999999996, 37.9, 35.36666666666667, 39.96666666666667, 38.4]}, "indicator": "스트레스", "region": "전라남도"}