{"test_dates": ["2024", "2025"], "actual_test": [45.4, 42.800000000000004], "pred_test": [39.83722213481863, 39.82905075773596], "future_dates": ["2026", "2027", "2028", "2029", "2030"], "pred_future": [39.890007060766216, 39.912988945345084, 39.894498183826606, 39.89261939823627, 39.92849658876657], "metrics": {"rmse": 4.46, "mae": 4.27}, "historical": {"dates": ["2021", "2022", "2023", "2024", "2025"], "values": [39.666666666666664, 43.63333333333333, 39.733333333333334, 45.4, 42.800000000000004]}, "indicator": "스트레스", "region": "서울특별시"}