{"test_dates": ["2024", "2025"], "actual_test": [43.699999999999996, 42.666666666666664], "pred_test": [39.533006538450714, 39.901997287571426], "future_dates": ["2026", "2027", "2028", "2029", "2030"], "pred_future": [40.078660611808296, 39.74557998478412, 39.45550485402345, 39.42914684191346, 39.673785072565074], "metrics": {"rmse": 3.54, "mae": 3.47}, "historical": {"dates": ["2021", "2022", "2023", "2024", "2025"], "values": [39.699999999999996, 41.300000000000004, 38.699999999999996, 43.699999999999996, 42.666666666666664]}, "indicator": "스트레스", "region": "대전광역시"}