{"test_dates": ["2024", "2025"], "actual_test": [29.7, 24.2], "pred_test": [28.18888888888889, 28.172222222222224], "future_dates": ["2026", "2027", "2028", "2029", "2030"], "pred_future": [28.15555555555556, 28.138888888888893, 28.122222222222227, 28.105555555555554, 28.08888888888889], "metrics": {"rmse": 3.01, "mae": 2.74}, "historical": {"dates": ["2021", "2022", "2023", "2024", "2025"], "values": [27.03333333333333, 30.633333333333336, 27.0, 29.7, 24.2]}, "indicator": "우울감", "region": "세종특별자치시"}