{"test_dates": ["2024", "2025"], "actual_test": [29.03333333333333, 24.633333333333336], "pred_test": [23.555555555555657, 21.805555555555657], "future_dates": ["2026", "2027", "2028", "2029", "2030"], "pred_future": [20.055555555555657, 18.305555555555657, 16.555555555555657, 14.805555555555657, 13.055555555555657], "metrics": {"rmse": 4.36, "mae": 4.15}, "historical": {"dates": ["2021", "2022", "2023", "2024", "2025"], "values": [28.599999999999998, 27.46666666666667, 25.099999999999998, 29.03333333333333, 24.633333333333336]}, "indicator": "우울감", "region": "강원도"}