{"test_dates": ["2024", "2025"], "actual_test": [27.166666666666668, 26.100000000000005], "pred_test": [24.354912356535596, 24.3779682079951], "future_dates": ["2026", "2027", "2028", "2029", "2030"], "pred_future": [24.402297592163087, 24.40609433849653, 24.39373027880987, 24.405468698342645, 24.463073001305265], "metrics": {"rmse": 2.33, "mae": 2.27}, "historical": {"dates": ["2021", "2022", "2023", "2024", "2025"], "values": [24.233333333333334, 27.96666666666667, 26.36666666666667, 27.166666666666668, 26.100000000000005]}, "indicator": "우울감", "region": "인천광역시"}