{"test_dates": ["2024", "2025"], "actual_test": [29.900000000000002, 26.833333333333332], "pred_test": [27.733333333333334, 27.766666666666666], "future_dates": ["2026", "2027", "2028", "2029", "2030"], "pred_future": [27.799999999999997, 27.833333333333343, 27.866666666666674, 27.900000000000006, 27.933333333333337], "metrics": {"rmse": 1.67, "mae": 1.55}, "historical": {"dates": ["2021", "2022", "2023", "2024", "2025"], "values": [26.666666666666668, 29.600000000000005, 26.733333333333334, 29.900000000000002, 26.833333333333332]}, "indicator": "우울감", "region": "대전광역시"}