{"test_dates": ["2024", "2025"], "actual_test": [41.53333333333333, 41.666666666666664], "pred_test": [35.355555555555384, 33.47222222222217], "future_dates": ["2026", "2027", "2028", "2029", "2030"], "pred_future": [31.58888888888896, 29.705555555555748, 27.82222222222208, 25.93888888888887, 24.055555555555657], "metrics": {"rmse": 7.26, "mae": 7.19}, "historical": {"dates": ["2021", "2022", "2023", "2024", "2025"], "values": [40.666666666666664, 39.800000000000004, 36.9, 41.53333333333333, 41.666666666666664]}, "indicator": "스트레스", "region": "충청남도"}