{"test_dates": ["2024", "2025"], "actual_test": [37.199999999999996, 36.93333333333333], "pred_test": [31.98888888888905, 29.838888888889414], "future_dates": ["2026", "2027", "2028", "2029", "2030"], "pred_future": [27.688888888889778, 25.538888888889232, 23.388888888889596, 21.23888888888905, 19.088888888889414], "metrics": {"rmse": 6.22, "mae": 6.15}, "historical": {"dates": ["2021", "2022", "2023", "2024", "2025"], "values": [37.06666666666666, 39.03333333333333, 32.76666666666667, 37.199999999999996, 36.93333333333333]}, "indicator": "스트레스", "region": "부산광역시"}