{"dates": ["2021", "2022", "2023", "2024", "2025"], "observed": [2.2, 2.7, 3.2, 2.75, 2.7], "trend": [2.4374999999999987, 2.7, 2.9625000000000004, 2.8499999999999996, 3.4875000000000003], "seasonal": [-0.10624999999999987, 0.10624999999999987, -0.10624999999999987, 0.10624999999999987, -0.10624999999999987], "resid": [-0.13124999999999862, -0.10624999999999987, 0.34374999999999967, -0.20624999999999952, -0.6812500000000002]}