{"dates": ["2021", "2022", "2023", "2024", "2025"], "observed": [39.666666666666664, 43.63333333333333, 39.733333333333334, 45.4, 42.800000000000004], "trend": [41.20833333333333, 41.66666666666667, 42.125, 43.333333333333336, 43.04166666666666], "seasonal": [-1.7041666666666617, 1.7041666666666617, -1.7041666666666617, 1.7041666666666617, -1.7041666666666617], "resid": [0.16249999999999742, 0.26249999999999973, -0.687500000000004, 0.36250000000000115, 1.4625000000000088]}