{"dates": ["2021", "2022", "2023", "2024", "2025"], "observed": [36.199999999999996, 37.9, 35.36666666666667, 39.96666666666667, 38.4], "trend": [36.53333333333333, 36.84166666666667, 37.15, 38.425000000000004, 37.766666666666644], "seasonal": [-0.8972222222222175, 0.8972222222222174, -0.8972222222222175, 0.8972222222222174, -0.8972222222222175], "resid": [0.5638888888888818, 0.16111111111111265, -0.886111111111114, 0.6444444444444469, 1.5305555555555717]}