{"dates": ["2021", "2022", "2023", "2024", "2025"], "observed": [38.333333333333336, 39.166666666666664, 35.1, 39.233333333333334, 39.300000000000004], "trend": [38.73333333333333, 37.94166666666666, 37.150000000000006, 38.21666666666667, 35.566666666666684], "seasonal": [-0.3465277777777794, 0.34652777777777943, -0.3465277777777794, 0.34652777777777943, -0.3465277777777794], "resid": [-0.053472222222212096, 0.878472222222222, -1.703472222222225, 0.6701388888888863, 4.079861111111099]}