{"dates": ["2021", "2022", "2023", "2024", "2025"], "observed": [25.0, 26.7, 24.96666666666667, 25.2, 24.46666666666667], "trend": [26.225000000000005, 25.84166666666667, 25.458333333333336, 24.958333333333336, 24.69166666666666], "seasonal": [-0.598611111111109, 0.598611111111109, -0.598611111111109, 0.598611111111109, -0.598611111111109], "resid": [-0.626388888888896, 0.25972222222222174, 0.10694444444444184, -0.3569444444444454, 0.3736111111111182]}