{"dates": ["2021", "2022", "2023", "2024", "2025"], "observed": [41.199999999999996, 43.43333333333334, 40.199999999999996, 46.333333333333336, 42.76666666666667], "trend": [41.59166666666666, 42.06666666666666, 42.541666666666664, 43.90833333333334, 43.491666666666646], "seasonal": [-1.5243055555555522, 1.5243055555555522, -1.5243055555555522, 1.5243055555555522, -1.5243055555555522], "resid": [1.1326388888888865, -0.157638888888878, -0.8173611111111163, 0.9006944444444449, 0.7993055555555793]}