{"dates": ["2021", "2022", "2023", "2024", "2025"], "observed": [37.733333333333334, 42.43333333333333, 37.0, 42.5, 41.93333333333333], "trend": [40.066666666666656, 39.9, 39.733333333333334, 40.983333333333334, 39.39999999999999], "seasonal": [-1.4347222222222187, 1.434722222222219, -1.4347222222222187, 1.434722222222219, -1.4347222222222187], "resid": [-0.8986111111111028, 1.0986111111111125, -1.2986111111111156, 0.08194444444444682, 3.9680555555555572]}