{"dates": ["2021", "2022", "2023", "2024", "2025"], "observed": [24.166666666666668, 26.900000000000002, 25.866666666666664, 24.433333333333334, 21.633333333333336], "trend": [26.149999999999995, 25.958333333333332, 25.766666666666666, 24.09166666666667, 25.383333333333326], "seasonal": [-1.2597222222222202, 1.2597222222222202, -1.2597222222222202, 1.2597222222222202, -1.2597222222222202], "resid": [-0.723611111111107, -0.3180555555555502, 1.359722222222218, -0.9180555555555552, -2.490277777777769]}