{"dates": ["2021", "2022", "2023", "2024", "2025"], "observed": [35.36666666666667, 38.96666666666667, 33.666666666666664, 39.43333333333333, 39.0], "trend": [37.05000000000001, 36.74166666666667, 36.43333333333333, 37.88333333333333, 35.81666666666664], "seasonal": [-1.1548611111111082, 1.1548611111111082, -1.1548611111111082, 1.1548611111111082, -1.1548611111111082], "resid": [-0.528472222222236, 1.0701388888888932, -1.6118055555555575, 0.39513888888888893, 4.338194444444467]}