{"dates": ["2021", "2022", "2023", "2024", "2025"], "observed": [26.900000000000002, 30.266666666666666, 27.599999999999998, 28.233333333333334, 26.866666666666664], "trend": [29.091666666666672, 28.758333333333333, 28.425, 27.73333333333333, 27.758333333333326], "seasonal": [-1.1534722222222231, 1.1534722222222231, -1.1534722222222231, 1.1534722222222231, -1.1534722222222231], "resid": [-1.0381944444444469, 0.35486111111110974, 0.3284722222222203, -0.6534722222222196, 0.26180555555556095]}