{"dates": ["2021", "2022", "2023", "2024", "2025"], "observed": [24.3, 24.666666666666668, 21.566666666666666, 24.166666666666668, 21.666666666666668], "trend": [24.608333333333338, 23.8, 22.991666666666667, 22.89166666666667, 21.37499999999999], "seasonal": [-0.7756944444444429, 0.775694444444443, -0.7756944444444429, 0.775694444444443, -0.7756944444444429], "resid": [0.4673611111111058, 0.09097222222222412, -0.6493055555555578, 0.49930555555555556, 1.0673611111111214]}