{"dates": ["2021", "2022", "2023", "2024", "2025"], "observed": [41.699999999999996, 41.76666666666667, 37.0, 44.56666666666666, 44.800000000000004], "trend": [41.03333333333335, 40.55833333333334, 40.083333333333336, 42.733333333333334, 39.13333333333333], "seasonal": [-0.2187500000000029, 0.2187500000000031, -0.2187500000000029, 0.2187500000000031, -0.2187500000000029], "resid": [0.8854166666666459, 0.9895833333333326, -2.864583333333333, 1.6145833333333255, 5.885416666666674]}