{"dates": ["2021", "2022", "2023", "2024", "2025"], "observed": [30.2, 28.933333333333334, 25.866666666666664, 26.333333333333332, 24.866666666666664], "trend": [30.21666666666666, 28.48333333333333, 26.749999999999996, 25.849999999999998, 23.283333333333317], "seasonal": [-0.11944444444444238, 0.11944444444444241, -0.11944444444444238, 0.11944444444444241, -0.11944444444444238], "resid": [0.10277777777778022, 0.33055555555556043, -0.7638888888888905, 0.36388888888889187, 1.7027777777777888]}