{"dates": ["2021", "2022", "2023", "2024", "2025"], "observed": [37.06666666666666, 39.03333333333333, 32.76666666666667, 37.199999999999996, 36.93333333333333], "trend": [38.508333333333326, 36.975, 35.44166666666667, 36.025, 32.374999999999986], "seasonal": [-0.7347222222222178, 0.7347222222222177, -0.7347222222222178, 0.7347222222222177, -0.7347222222222178], "resid": [-0.706944444444445, 1.3236111111111124, -1.9402777777777793, 0.44027777777777943, 5.293055555555562]}