{"dates": ["2021", "2022", "2023", "2024", "2025"], "observed": [35.666666666666664, 38.300000000000004, 35.1, 35.666666666666664, 36.46666666666667], "trend": [37.64166666666669, 36.84166666666667, 36.041666666666664, 35.725, 34.44166666666664], "seasonal": [-0.49861111111110945, 0.49861111111110945, -0.49861111111110945, 0.49861111111110945, -0.49861111111110945], "resid": [-1.4763888888889132, 0.9597222222222263, -0.4430555555555534, -0.5569444444444466, 2.5236111111111366]}