{"dates": ["2021", "2022", "2023", "2024", "2025"], "observed": [37.699999999999996, 41.63333333333333, 36.13333333333333, 37.0, 39.233333333333334], "trend": [40.824999999999996, 39.275, 37.725, 37.34166666666667, 34.625], "seasonal": [-0.5222222222222221, 0.5222222222222221, -0.5222222222222221, 0.5222222222222221, -0.5222222222222221], "resid": [-2.602777777777778, 1.8361111111111121, -1.0694444444444464, -0.8638888888888907, 5.130555555555556]}