{"dates": ["2021", "2022", "2023", "2024", "2025"], "observed": [37.53333333333333, 39.800000000000004, 37.5, 45.1, 45.03333333333333], "trend": [37.34166666666668, 38.65833333333333, 39.975, 43.18333333333334, 42.608333333333334], "seasonal": [-0.7409722222222268, 0.7409722222222269, -0.7409722222222268, 0.7409722222222269, -0.7409722222222268], "resid": [0.9326388888888755, 0.4006944444444459, -1.7340277777777746, 1.1756944444444373, 3.1659722222222237]}