{"dates": ["2021", "2022", "2023", "2024", "2025"], "observed": [25.8, 26.266666666666666, 24.233333333333334, 25.099999999999998, 22.400000000000002], "trend": [26.325000000000006, 25.641666666666666, 24.958333333333332, 24.208333333333336, 23.591666666666654], "seasonal": [-0.7861111111111081, 0.7861111111111081, -0.7861111111111081, 0.7861111111111081, -0.7861111111111081], "resid": [0.2611111111111024, -0.1611111111111081, 0.06111111111111023, 0.10555555555555407, -0.4055555555555441]}