{"dates": ["2021", "2022", "2023", "2024", "2025"], "observed": [24.233333333333334, 27.96666666666667, 26.36666666666667, 27.166666666666668, 26.100000000000005], "trend": [26.300000000000004, 26.633333333333336, 26.966666666666672, 26.700000000000003, 27.633333333333336], "seasonal": [-1.15, 1.15, -1.15, 1.15, -1.15], "resid": [-0.9166666666666701, 0.18333333333333224, 0.5499999999999985, -0.6833333333333349, -0.3833333333333315]}