{"dates": ["2021", "2022", "2023", "2024", "2025"], "observed": [25.0, 28.0, 22.833333333333332, 26.0, 25.333333333333332], "trend": [27.000000000000007, 25.958333333333332, 24.916666666666664, 25.041666666666664, 22.833333333333343], "seasonal": [-1.0138888888888926, 1.0138888888888926, -1.0138888888888926, 1.0138888888888926, -1.0138888888888926], "resid": [-0.9861111111111145, 1.0277777777777752, -1.0694444444444395, -0.05555555555555691, 3.513888888888882]}