{"dates": ["2021", "2022", "2023", "2024", "2025"], "observed": [26.9, 28.85, 26.15, 27.8, 25.799999999999997], "trend": [28.137499999999996, 27.6875, 27.2375, 26.8875, 26.337499999999988], "seasonal": [-0.9958333333333325, 0.9958333333333325, -0.9958333333333325, 0.9958333333333325, -0.9958333333333325], "resid": [-0.2416666666666647, 0.16666666666666896, -0.09166666666666967, -0.08333333333333104, 0.4583333333333417]}