{"dates": ["2021", "2022", "2023", "2024", "2025"], "observed": [27.833333333333332, 29.666666666666668, 28.733333333333334, 30.5, 26.5], "trend": [28.541666666666657, 28.975, 29.408333333333335, 29.058333333333334, 30.27499999999999], "seasonal": [-1.3930555555555526, 1.3930555555555526, -1.3930555555555526, 1.3930555555555526, -1.3930555555555526], "resid": [0.6847222222222276, -0.7013888888888862, 0.7180555555555519, 0.048611111111113825, -2.381944444444439]}