{"dates": ["2021", "2022", "2023", "2024", "2025"], "observed": [40.300000000000004, 42.666666666666664, 39.1, 44.43333333333334, 43.73333333333333], "trend": [41.04166666666667, 41.18333333333333, 41.325, 42.925, 41.608333333333356], "seasonal": [-0.8881944444444514, 0.8881944444444514, -0.8881944444444514, 0.8881944444444514, -0.8881944444444514], "resid": [0.14652777777778425, 0.5951388888888829, -1.33680555555555, 0.6201388888888886, 3.013194444444423]}