{"dates": ["2021", "2022", "2023", "2024", "2025"], "observed": [28.166666666666668, 25.933333333333334, 26.5, 27.96666666666667, 27.333333333333332], "trend": [26.541666666666668, 26.633333333333333, 26.725, 27.441666666666666, 26.90833333333334], "seasonal": [0.34791666666666465, -0.34791666666666465, 0.34791666666666465, -0.34791666666666465, 0.34791666666666465], "resid": [1.2770833333333353, -0.35208333333333464, -0.5729166666666661, 0.8729166666666668, 0.07708333333332895]}