{"dates": ["2021", "2022", "2023", "2024", "2025"], "observed": [39.733333333333334, 39.53333333333333, 37.03333333333333, 42.800000000000004, 39.1], "trend": [38.81666666666667, 38.95833333333333, 39.1, 40.43333333333334, 39.38333333333333], "seasonal": [-0.9743055555555571, 0.974305555555557, -0.9743055555555571, 0.974305555555557, -0.9743055555555571], "resid": [1.8909722222222214, -0.39930555555555414, -1.092361111111113, 1.3923611111111103, 0.6909722222222257]}