{"dates": ["2021", "2022", "2023", "2024", "2025"], "observed": [28.599999999999998, 27.46666666666667, 25.099999999999998, 29.03333333333333, 24.633333333333336], "trend": [27.641666666666673, 27.15833333333333, 26.674999999999997, 26.95, 25.708333333333325], "seasonal": [-0.8798611111111112, 0.8798611111111112, -0.8798611111111112, 0.8798611111111112, -0.8798611111111112], "resid": [1.8381944444444362, -0.5715277777777741, -0.6951388888888881, 1.203472222222221, -0.19513888888887743]}