{"dates": ["2021", "2022", "2023", "2024", "2025"], "observed": [39.699999999999996, 41.300000000000004, 38.699999999999996, 43.699999999999996, 42.666666666666664], "trend": [39.9, 40.25, 40.599999999999994, 42.19166666666666, 41.29999999999998], "seasonal": [-0.7618055555555543, 0.7618055555555543, -0.7618055555555543, 0.7618055555555543, -0.7618055555555543], "resid": [0.5618055555555515, 0.28819444444444997, -1.1381944444444443, 0.7465277777777786, 2.1284722222222356]}