{"dates": ["2021", "2022", "2023", "2024", "2025"], "observed": [34.96666666666667, 39.1, 34.43333333333333, 38.63333333333333, 39.266666666666666], "trend": [37.14999999999999, 36.9, 36.65, 37.74166666666666, 36.14999999999999], "seasonal": [-0.986805555555555, 0.9868055555555552, -0.986805555555555, 0.9868055555555552, -0.986805555555555], "resid": [-1.1965277777777679, 1.2131944444444476, -1.2298611111111135, -0.09513888888888233, 4.103472222222229]}