{"dates": ["2021", "2022", "2023", "2024", "2025"], "observed": [24.066666666666666, 28.566666666666666, 26.0, 28.3, 23.733333333333334], "trend": [26.383333333333336, 26.8, 27.216666666666665, 26.583333333333332, 28.049999999999994], "seasonal": [-2.1791666666666663, 2.1791666666666663, -2.1791666666666663, 2.1791666666666663, -2.1791666666666663], "resid": [-0.13750000000000373, -0.41250000000000053, 0.9625000000000012, -0.4624999999999977, -2.137499999999993]}