{"dates": ["2021", "2022", "2023", "2024", "2025"], "observed": [28.46666666666667, 30.066666666666663, 27.166666666666668, 29.466666666666665, 27.266666666666666], "trend": [29.41666666666666, 28.941666666666666, 28.46666666666667, 28.341666666666665, 27.51666666666667], "seasonal": [-0.9791666666666652, 0.9791666666666652, -0.9791666666666652, 0.9791666666666652, -0.9791666666666652], "resid": [0.029166666666673002, 0.14583333333333126, -0.3208333333333355, 0.1458333333333348, 0.7291666666666616]}