{"dates": ["2021", "2022", "2023", "2024", "2025"], "observed": [27.03333333333333, 30.633333333333336, 27.0, 29.7, 24.2], "trend": [29.06666666666667, 28.825000000000003, 28.583333333333336, 27.650000000000002, 28.099999999999998], "seasonal": [-2.217361111111112, 2.217361111111112, -2.217361111111112, 2.217361111111112, -2.217361111111112], "resid": [0.18402777777777324, -0.4090277777777782, 0.6340277777777761, -0.16736111111111462, -1.6826388888888868]}