{"dates": ["2021", "2022", "2023", "2024", "2025"], "observed": [28.8, 29.099999999999998, 25.633333333333336, 29.099999999999998, 27.366666666666664], "trend": [28.949999999999996, 28.158333333333335, 27.366666666666667, 27.799999999999997, 25.783333333333328], "seasonal": [-0.6104166666666642, 0.6104166666666643, -0.6104166666666642, 0.6104166666666643, -0.6104166666666642], "resid": [0.46041666666666914, 0.3312499999999986, -1.1229166666666666, 0.6895833333333364, 2.1937499999999996]}