{"dates": ["2021", "2022", "2023", "2024", "2025"], "observed": [39.300000000000004, 43.800000000000004, 37.53333333333333, 42.13333333333333, 39.43333333333333], "trend": [41.966666666666654, 41.108333333333334, 40.25, 40.30833333333333, 38.533333333333324], "seasonal": [-1.8763888888888869, 1.8763888888888869, -1.8763888888888869, 1.8763888888888869, -1.8763888888888869], "resid": [-0.7902777777777632, 0.8152777777777831, -0.8402777777777817, -0.05138888888888404, 2.7763888888888926]}