{"dates": ["2021", "2022", "2023", "2024", "2025"], "observed": [27.333333333333332, 29.933333333333337, 25.266666666666666, 26.900000000000002, 26.5], "trend": [29.391666666666666, 28.116666666666667, 26.84166666666667, 26.391666666666666, 24.29166666666666], "seasonal": [-0.8187500000000012, 0.8187500000000011, -0.8187500000000012, 0.8187500000000011, -0.8187500000000012], "resid": [-1.2395833333333324, 0.9979166666666689, -0.7562500000000016, -0.3104166666666647, 3.0270833333333407]}