{"dates": ["2021", "2022", "2023", "2024", "2025"], "observed": [26.666666666666668, 29.600000000000005, 26.733333333333334, 29.900000000000002, 26.833333333333332], "trend": [28.05833333333333, 28.150000000000002, 28.24166666666667, 28.341666666666665, 28.42499999999999], "seasonal": [-1.5006944444444446, 1.5006944444444446, -1.5006944444444446, 1.5006944444444446, -1.5006944444444446], "resid": [0.10902777777778239, -0.05069444444444171, -0.007638888888891859, 0.05763888888889257, -0.09097222222221335]}