{"dates": ["2021", "2022", "2023", "2024", "2025"], "observed": [40.666666666666664, 39.800000000000004, 36.9, 41.53333333333333, 41.666666666666664], "trend": [39.80000000000002, 39.29166666666667, 38.78333333333333, 40.40833333333333, 37.76666666666664], "seasonal": [0.07222222222222341, -0.07222222222222352, 0.07222222222222341, -0.07222222222222352, 0.07222222222222341], "resid": [0.7944444444444224, 0.5805555555555564, -1.9555555555555562, 1.1972222222222235, 3.8277777777778037]}